<?xml version="1.0" encoding="UTF-8"?>
<beans xmlns="http://www.springframework.org/schema/beans"
	xmlns:xsi="http://www.w3.org/2001/XMLSchema-instance"
	xmlns:context="http://www.springframework.org/schema/context"
	xsi:schemaLocation="http://www.springframework.org/schema/beans http://www.springframework.org/schema/beans/spring-beans.xsd
		http://www.springframework.org/schema/context http://www.springframework.org/schema/context/spring-context-4.2.xsd">
	
	<!-- 어노테이션방식 -->
	<context:component-scan base-package="com.heo.view"/>
	
	<bean id="multipartResolver" 
	class="org.springframework.web.multipart.commons.CommonsMultipartResolver">
		<property name="maxUploadSize" value="100000"/>
    </bean>
	
	
	<!-- HandlerMapping 등록 
	<bean class="org.springframework.web.servlet.handler.SimpleUrlHandlerMapping">
		<property name="mappings">
			<props>
				<prop key="/login.do">login</prop>
				<prop key="/getBoardList.do">getBoardList</prop>
				<prop key="/getBoard.do">getBoard</prop>
				<prop key="/logout.do">logout</prop>
				<prop key="/getUserList.do">getUserList</prop>
				<prop key="/insertBoard.do">insertBoard</prop>
				<prop key="/boardUpdate.do">updateBoard</prop>
				<prop key="/boardDelete.do">deleteBoard</prop>
				<prop key="/regist.do">registUser</prop>
			</props>
		</property>
	</bean>
	
	
	Controller
	<bean id="login" class="com.heo.view.user.LoginController"></bean>
	<bean id="getBoardList" class="com.heo.view.board.BoardListController"></bean>
	<bean id="getBoard" class="com.heo.view.board.GetBoardController"></bean>
	<bean id="logout" class="com.heo.view.user.LogoutController"></bean>
	<bean id="getUserList" class="com.heo.view.user.UserListController"></bean>
	<bean id="insertBoard" class="com.heo.view.board.insertBoardController"></bean>
	<bean id="updateBoard" class="com.heo.view.board.updateBoardController"></bean>
	<bean id="deleteBoard" class="com.heo.view.board.deleteBoardController"></bean>
	<bean id="registUser" class="com.heo.view.user.insertRegistController"></bean>
	
	
	ViewResolver
	<bean id="viewResolver" class="org.springframework.web.servlet.view.InternalResourceViewResolver">
		<property name="prefix" value="/WEB-INF/project/"></property>
		<property name="suffix" value=".jsp"></property>
	</bean>
	-->

</beans>
