<?xml version="1.0" encoding="UTF-8"?>
<beans xmlns="http://www.springframework.org/schema/beans"
	xmlns:xsi="http://www.w3.org/2001/XMLSchema-instance"
	xmlns:p="http://www.springframework.org/schema/p"
	xmlns:context="http://www.springframework.org/schema/context"
	xmlns:aop="http://www.springframework.org/schema/aop"
	xmlns:tx="http://www.springframework.org/schema/tx"
	xsi:schemaLocation="http://www.springframework.org/schema/beans http://www.springframework.org/schema/beans/spring-beans.xsd
		http://www.springframework.org/schema/context http://www.springframework.org/schema/context/spring-context-4.2.xsd
		http://www.springframework.org/schema/aop http://www.springframework.org/schema/aop/spring-aop-4.2.xsd
		http://www.springframework.org/schema/tx http://www.springframework.org/schema/tx/spring-tx-4.2.xsd">
	
	<!-- <context:component-scan base-package="coupling"/> -->
	<!-- <context:component-scan base-package="test"/> -->
	
	<!-- Spring JDBC 설정 -->
    
	
	<context:component-scan base-package="com.heo.app"/>
	
	<!-- <aop:aspectj-autoproxy></aop:aspectj-autoproxy> -->
	
	<!-- DataSource -->
	<bean class="org.apache.commons.dbcp.BasicDataSource" id="ds" destroy-method="close">
		<property name="driverClassName" value="com.mysql.cj.jdbc.Driver"/>
		<property name="url" value="jdbc:mysql://localhost:3306/kimdb"/>
		<property name="username" value="root"/>
		<property name="password" value="0000"/>
	</bean>
	
	<bean id="jdbcTemplate" class="org.springframework.jdbc.core.JdbcTemplate">
    	<property name="dataSource" ref="ds"></property>
    </bean>
	<!-- Transaction 설정 -->
	<bean id="txManager" class="org.springframework.jdbc.datasource.DataSourceTransactionManager">
		<property name="dataSource" ref="ds"></property>
	</bean>
	<tx:advice transaction-manager="txManager" id="txAdvice">
		<tx:attributes>
			<tx:method name="get*" read-only="true"/>
			<tx:method name="*" />
		</tx:attributes>
	</tx:advice>
	
	<aop:config>
		<aop:pointcut expression="execution(* com.heo.app..*Impl.*(..))" id="allPC"/>
		
		<aop:advisor advice-ref="txAdvice" pointcut-ref="allPC"/>
	</aop:config>
	
	<!-- <bean class="com.heo.app.common.BeforeAdvisor" id="before"/>
	<bean class="com.heo.app.common.AfterAdvisor" id="after"/>
	<bean class="com.heo.app.common.AroundAdvice" id="around"/>
	
	<bean class="com.heo.app.common.AfterThrowingAdvisor" id="ata"/>
	<bean class="com.heo.app.common.AfterReturnibgAdvisor" id="ara"/>
	<aop:config>
	Impl로 끝나는 클래스의 모든 메서드에 실행한다.
		<aop:pointcut expression="execution(* com.heo.app..*Impl.*(..))" id="aPointcut"/>
		<aop:pointcut expression="execution(* com.heo.app..*Impl.get*(..))" id="bPointcut"/>

		
		<aop:aspect ref="before">
			<aop:before method="printLog" pointcut-ref="aPointcut"/>
		</aop:aspect>
		
		<aop:aspect ref="after">
			<aop:after method="printLog" pointcut-ref="aPointcut"/>
		</aop:aspect>
		
		<aop:aspect ref="ata">
			<aop:after-throwing method="printLog" throwing="exObj" pointcut-ref="aPointcut"/>
		</aop:aspect>
		<aop:aspect ref="ata">
			<aop:after-throwing pointcut-ref="aPointcut" method="printLog" throwing="exObj"/>
		</aop:aspect>
		
		<aop:aspect ref="ara">
			<aop:after-returning method="printLog" returning="reObj" pointcut-ref="bPointcut"/>
		</aop:aspect>
		
		<aop:aspect ref="around">
			<aop:around method="printLog" pointcut-ref="aPointcut"/>
		</aop:aspect>
	</aop:config> -->
	
	
	
	<!-- <bean class="test.A" id="weapon" lazy-init="true"/>
	<bean class="coupling.AppleWatch" id="watch" lazy-init="true"/> -->
	
	<!-- <bean class="coupling.IPhone" id="phone" init-method="initPhone" scope="singleton"
	p:watch-ref="aw" p:user="허진성"/>

	<bean class="coupling.GalPhone" id="galphone" init-method="initPhone">
		<property name="user" value="허진성"></property>
		<property name="watch" ref="sw"></property>
	</bean>
	
	<bean class="coupling.AppleWatch" id="aw" lazy-init="true"></bean>
	<bean class="coupling.SmartWatch" id="sw" lazy-init="true"></bean> -->
	
	<!-- <bean class="collection.CollectionBean" id="cb">
		<property name="dataList">
			<list>
				<value>허진성</value>
				<value>한요한</value>
				<value>한예진</value>
			</list>
		</property>
	</bean> -->
</beans>
